,0
0,0.013371083936733119
1,0.047597836241896556
2,-0.040138081798596334
3,0.07366676661300417
4,-0.02658502282362051
5,-0.01569623314432026
6,-0.08018412920676134
7,-0.02975554083252471
8,-0.011503483796788531
9,-0.030951296558074392
10,0.0009141537116883584
11,-0.024700143994917653
12,0.042691668937056594
13,-0.03210754003414516
14,-0.017744167246100208
15,-0.01726138334259831
16,0.013371083936733119
17,0.047597836241896556
18,-0.040138081798596334
19,0.07366676661300417
20,-0.02658502282362051
21,-0.01569623314432026
22,-0.08018412920676134
23,-0.02975554083252471
24,-0.011503483796788531
25,-0.030951296558074392
26,0.0009141537116883584
27,-0.024700143994917653
28,0.042691668937056594
29,-0.03210754003414516
30,-0.017744167246100208
31,-0.01726138334259831
32,0.013371083936733119
33,0.047597836241896556
34,-0.040138081798596334
35,0.07366676661300417
36,-0.02658502282362051
37,-0.01569623314432026
38,-0.08018412920676134
39,-0.02975554083252471
40,-0.011503483796788531
41,-0.030951296558074392
42,0.0009141537116883584
43,-0.024700143994917653
44,0.042691668937056594
45,-0.03210754003414516
46,-0.017744167246100208
47,-0.01726138334259831
48,0.013371083936733119
49,0.047597836241896556
50,-0.040138081798596334
51,0.07366676661300417
52,-0.02658502282362051
53,-0.01569623314432026
54,-0.08018412920676134
55,-0.02975554083252471
56,-0.011503483796788531
57,-0.030951296558074392
58,0.0009141537116883584
59,-0.024700143994917653
60,0.042691668937056594
61,-0.03210754003414516
62,-0.017744167246100208
63,-0.01726138334259831
64,0.013371083936733119
65,0.047597836241896556
66,-0.040138081798596334
67,0.07366676661300417
68,-0.02658502282362051
69,-0.01569623314432026
70,-0.08018412920676134
71,-0.02975554083252471
72,-0.011503483796788531
73,-0.030951296558074392
74,0.0009141537116883584
75,-0.024700143994917653
76,0.042691668937056594
77,-0.03210754003414516
78,-0.017744167246100208
79,-0.01726138334259831
80,0.013371083936733119
81,0.047597836241896556
82,-0.040138081798596334
83,0.07366676661300417
84,-0.02658502282362051
85,-0.01569623314432026
86,-0.08018412920676134
87,-0.02975554083252471
88,-0.011503483796788531
89,-0.030951296558074392
90,0.0009141537116883584
91,-0.024700143994917653
92,0.042691668937056594
93,-0.03210754003414516
94,-0.017744167246100208
95,-0.01726138334259831
96,0.013371083936733119
97,0.047597836241896556
98,-0.040138081798596334
99,0.07366676661300417
100,-0.02658502282362051
101,-0.01569623314432026
102,-0.08018412920676134
103,-0.02975554083252471
104,-0.011503483796788531
105,-0.030951296558074392
106,0.0009141537116883584
107,-0.024700143994917653
108,0.042691668937056594
109,-0.03210754003414516
110,-0.017744167246100208
111,-0.01726138334259831
112,0.013371083936733119
113,0.047597836241896556
114,-0.040138081798596334
115,0.07366676661300417
116,-0.02658502282362051
117,-0.01569623314432026
118,-0.08018412920676134
119,-0.02975554083252471
120,-0.011503483796788531
121,-0.030951296558074392
122,0.0009141537116883584
123,-0.024700143994917653
124,0.042691668937056594
125,-0.03210754003414516
126,-0.017744167246100208
127,-0.01726138334259831
128,0.013371083936733119
129,0.047597836241896556
130,-0.040138081798596334
131,0.07366676661300417
132,-0.02658502282362051
133,-0.01569623314432026
134,-0.08018412920676134
135,-0.02975554083252471
136,-0.011503483796788531
137,-0.030951296558074392
138,0.0009141537116883584
139,-0.024700143994917653
140,0.042691668937056594
141,-0.03210754003414516
142,-0.017744167246100208
143,-0.01726138334259831
144,0.013371083936733119
145,0.047597836241896556
146,-0.040138081798596334
147,0.07366676661300417
148,-0.02658502282362051
149,-0.01569623314432026
150,-0.08018412920676134
151,-0.02975554083252471
152,-0.011503483796788531
153,-0.030951296558074392
154,0.0009141537116883584
155,-0.024700143994917653
156,0.042691668937056594
157,-0.03210754003414516
158,-0.017744167246100208
159,-0.01726138334259831
160,0.013371083936733119
161,0.047597836241896556
162,-0.040138081798596334
163,0.07366676661300417
164,-0.02658502282362051
165,-0.01569623314432026
166,-0.08018412920676134
167,-0.02975554083252471
168,-0.011503483796788531
169,-0.030951296558074392
170,0.0009141537116883584
171,-0.024700143994917653
172,0.042691668937056594
173,-0.03210754003414516
174,-0.017744167246100208
175,-0.01726138334259831
176,0.013371083936733119
177,0.047597836241896556
178,-0.040138081798596334
179,0.07366676661300417
180,-0.02658502282362051
181,-0.01569623314432026
182,-0.08018412920676134
183,-0.02975554083252471
184,-0.011503483796788531
185,-0.030951296558074392
186,0.0009141537116883584
187,-0.024700143994917653
188,0.042691668937056594
189,-0.03210754003414516
190,-0.017744167246100208
191,-0.01726138334259831
192,0.013371083936733119
193,0.047597836241896556
194,-0.040138081798596334
195,0.07366676661300417
196,-0.02658502282362051
197,-0.01569623314432026
198,-0.08018412920676134
199,-0.02975554083252471
200,-0.011503483796788531
201,-0.030951296558074392
202,0.0009141537116883584
203,-0.024700143994917653
204,0.042691668937056594
205,-0.03210754003414516
206,-0.017744167246100208
207,-0.01726138334259831
208,0.0
209,0.0
210,0.0
211,0.0
212,0.0
213,0.0
214,0.0
215,0.0
216,0.0
217,0.0
218,0.0
219,0.0
220,0.0
221,0.0
222,0.0
223,0.0
224,0.013371083936733119
225,0.047597836241896556
226,-0.040138081798596334
227,0.07366676661300417
228,-0.02658502282362051
229,-0.01569623314432026
230,-0.08018412920676134
231,-0.02975554083252471
232,-0.011503483796788531
233,-0.030951296558074392
234,0.0009141537116883584
235,-0.024700143994917653
236,0.042691668937056594
237,-0.03210754003414516
238,-0.017744167246100208
239,-0.01726138334259831
240,0.013371083936733119
241,0.047597836241896556
242,-0.040138081798596334
243,0.07366676661300417
244,-0.02658502282362051
245,-0.01569623314432026
246,-0.08018412920676134
247,-0.02975554083252471
248,-0.011503483796788531
249,-0.030951296558074392
250,0.0009141537116883584
251,-0.024700143994917653
252,0.042691668937056594
253,-0.03210754003414516
254,-0.017744167246100208
255,-0.01726138334259831
256,0.013371083936733119
257,0.047597836241896556
258,-0.040138081798596334
259,0.07366676661300417
260,-0.02658502282362051
261,-0.01569623314432026
262,-0.08018412920676134
263,-0.02975554083252471
264,-0.011503483796788531
265,-0.030951296558074392
266,0.0009141537116883584
267,-0.024700143994917653
268,0.042691668937056594
269,-0.03210754003414516
270,-0.017744167246100208
271,-0.01726138334259831
272,0.013371083936733119
273,0.047597836241896556
274,-0.040138081798596334
275,0.07366676661300417
276,-0.02658502282362051
277,-0.01569623314432026
278,-0.08018412920676134
279,-0.02975554083252471
280,-0.011503483796788531
281,-0.030951296558074392
282,0.0009141537116883584
283,-0.024700143994917653
284,0.042691668937056594
285,-0.03210754003414516
286,-0.017744167246100208
287,-0.01726138334259831
288,0.017356176494599564
289,0.04951937058037091
290,-0.03557496611293614
291,0.07366676661300417
292,-0.02595038710673765
293,-0.01569623314432026
294,-0.061975937066251326
295,-0.009489634932888897
296,-0.004261317119427795
297,-0.016843000831070022
298,0.0009141537116883584
299,-0.024700143994917653
300,0.042691668937056594
301,0.0010391203750234022
302,-0.007841278289082935
303,-0.007888049859898136
304,0.016790539099538915
305,0.04748966982543776
306,-0.00020411612823492513
307,0.06485553143491389
308,0.02227055766667749
309,-0.026183145216110752
310,0.014058427535288935
311,0.02486074742424041
312,0.015317370017571358
313,0.011493035908040539
314,-0.012554473355977053
315,-0.01937770515489797
316,0.02499613785264948
317,0.019033380952331
318,0.015847324046164596
319,0.04712748853223533
320,0.05823611501384532
321,0.020663541931506563
322,0.02656316482494715
323,0.04717882189300073
324,0.02452774617090884
325,-0.036008444117903535
326,0.005624574830366311
327,-0.05485394366130463
328,0.011236596284599741
329,0.030779707447670016
330,-0.006458229681038527
331,-0.0014531632370425127
332,0.03658081145248069
333,0.009849980349690339
334,0.006696905027825236
335,0.06494810244297759
336,0.05799702836463495
337,0.047597836241896556
338,-0.013617006949253484
339,0.07366676661300417
340,-2.1149834281446915e-05
341,-0.01569623314432026
342,-0.062116726513603976
343,-0.02975554083252471
344,-0.002487072029041212
345,-0.007480990619353811
346,0.0009141537116883584
347,0.002536320899668539
348,0.04744766207129803
349,0.014573430263526081
350,-0.017744167246100208
351,0.013927616961366705
352,0.019706638636139362
353,0.047597836241896556
354,-0.03686699992036681
355,0.07366676661300417
356,-0.02658502282362051
357,-0.01569623314432026
358,-0.08018412920676134
359,-0.02975554083252471
360,-0.010667990930541679
361,-0.029580331466132058
362,0.0009141537116883584
363,-0.024085102480543397
364,0.04396453015224944
365,-0.024964832157403204
366,-0.017744167246100208
367,-0.01726138334259831
368,0.013371083936733119
369,0.047597836241896556
370,-0.040138081798596334
371,0.07366676661300417
372,-0.02658502282362051
373,-0.01569623314432026
374,-0.08018412920676134
375,-0.02975554083252471
376,-0.011503483796788531
377,-0.030951296558074392
378,0.0009141537116883584
379,-0.024700143994917653
380,0.042691668937056594
381,-0.03210754003414516
382,-0.017744167246100208
383,-0.01726138334259831
384,0.013371083936733119
385,0.047597836241896556
386,-0.040138081798596334
387,0.07366676661300417
388,-0.02658502282362051
389,-0.01569623314432026
390,-0.08018412920676134
391,-0.02975554083252471
392,-0.011503483796788531
393,-0.030951296558074392
394,0.0009141537116883584
395,-0.024700143994917653
396,0.042691668937056594
397,-0.03210754003414516
398,-0.017744167246100208
399,-0.01726138334259831
400,0.013371083936733119
401,0.047597836241896556
402,-0.040138081798596334
403,0.07366676661300417
404,-0.02658502282362051
405,-0.01569623314432026
406,-0.08018412920676134
407,-0.02975554083252471
408,-0.011503483796788531
409,-0.030951296558074392
410,0.0009141537116883584
411,-0.024700143994917653
412,0.042691668937056594
413,-0.03210754003414516
414,-0.017744167246100208
415,-0.01726138334259831
416,0.013371083936733119
417,0.047597836241896556
418,-0.040138081798596334
419,0.07366676661300417
420,-0.02658502282362051
421,-0.01569623314432026
422,-0.08018412920676134
423,-0.02975554083252471
424,-0.011503483796788531
425,-0.030951296558074392
426,0.0009141537116883584
427,-0.024700143994917653
428,0.042691668937056594
429,-0.03210754003414516
430,-0.017744167246100208
431,-0.01726138334259831
432,0.0
433,0.0
434,0.0
435,0.0
436,0.0
437,0.0
438,0.0
439,0.0
440,0.0
441,0.0
442,0.0
443,0.0
444,0.0
445,0.0
446,0.0
447,0.0
448,0.013371083936733119
449,0.047597836241896556
450,-0.040138081798596334
451,0.07366676661300417
452,-0.02658502282362051
453,-0.01569623314432026
454,-0.08018412920676134
455,-0.02975554083252471
456,-0.011503483796788531
457,-0.030951296558074392
458,0.0009141537116883584
459,-0.024700143994917653
460,0.042691668937056594
461,-0.03210754003414516
462,-0.017744167246100208
463,-0.01726138334259831
464,0.013371083936733119
465,0.047597836241896556
466,-0.040138081798596334
467,0.07366676661300417
468,-0.02658502282362051
469,-0.01569623314432026
470,-0.08018412920676134
471,-0.02975554083252471
472,-0.011503483796788531
473,-0.030951296558074392
474,0.0009141537116883584
475,-0.024700143994917653
476,0.042691668937056594
477,-0.03210754003414516
478,-0.017744167246100208
479,-0.01726138334259831
480,0.013371083936733119
481,0.047597836241896556
482,-0.040138081798596334
483,0.07366676661300417
484,-0.02658502282362051
485,-0.01569623314432026
486,-0.08018412920676134
487,-0.02975554083252471
488,-0.011503483796788531
489,-0.030951296558074392
490,0.0009141537116883584
491,-0.024700143994917653
492,0.042691668937056594
493,-0.03210754003414516
494,-0.017744167246100208
495,-0.01726138334259831
496,0.013371083936733119
497,0.047597836241896556
498,-0.040138081798596334
499,0.07366676661300417
500,-0.02658502282362051
501,-0.01569623314432026
502,-0.08018412920676134
503,-0.02975554083252471
504,-0.011503483796788531
505,-0.030951296558074392
506,0.0009141537116883584
507,-0.024700143994917653
508,0.042691668937056594
509,-0.03210754003414516
510,-0.017744167246100208
511,-0.01726138334259831
512,0.013371083936733119
513,0.047597836241896556
514,-0.040138081798596334
515,0.0810617012254756
516,-0.003441811639517737
517,0.014723271932359457
518,-0.057362614992789336
519,-0.00022524719310965113
520,0.003983832274827107
521,-0.025233800823580184
522,0.0009141537116883584
523,-0.007626398219851869
524,0.042691668937056594
525,-0.009239563918268651
526,-0.017744167246100208
527,-0.01726138334259831
528,-0.013876922346882052
529,0.051750637186938585
530,0.01875757715220416
531,0.08872696679310872
532,0.03550584692296617
533,0.07670332821306936
534,0.02281481324142008
535,0.12075816476547213
536,0.05110106587379731
537,-0.011466045454541104
538,0.011999251033544015
539,0.012461154153678704
540,0.011000394405637727
541,0.040391708500033034
542,-0.013097113664796762
543,-0.011633011788704814
544,-0.004064615596901988
545,0.044523583017758404
546,0.04689688640674043
547,0.017507067923525528
548,-0.00794416282563825
549,0.06846065761706749
550,0.05613769084221991
551,0.11555868444707222
552,0.0597318476315966
553,0.013978338925019183
554,0.045447669569833975
555,-0.0012505468894923426
556,0.01640147200649556
557,0.000693836577961033
558,0.07318276252213868
559,0.0564000452981323
560,0.05117775280766557
561,0.045378744752067955
562,0.04867713367298322
563,-0.0021658769273743324
564,0.02711501877390686
565,-0.02902509997896438
566,0.05052707431336559
567,0.08951218275499283
568,-0.022702133775475024
569,0.03361727622503442
570,0.021679910202767508
571,0.013054292062194044
572,0.033827677257642685
573,-0.015672792713572865
574,0.08513557933169805
575,0.06182392525006295
576,0.06362179632068314
577,0.03465793897937855
578,0.01923024457624238
579,0.06372317083066628
580,0.02746307727014444
581,-0.019840348985420482
582,-0.021390036615864957
583,-0.04618490948532633
584,-0.0015599159949867287
585,0.006966557608337056
586,-0.0031311836479713546
587,0.021825819305627138
588,0.046815739274281384
589,0.01790165082088157
590,0.00041439544129726665
591,0.04518829335138769
592,0.031870903658999354
593,0.047597836241896556
594,-0.03058652271416612
595,0.07366676661300417
596,-0.02658502282362051
597,-0.01569623314432026
598,-0.08018412920676134
599,-0.02975554083252471
600,-0.009063844627347722
601,-0.02694807848960277
602,0.0009141537116883584
603,-0.022904222772944845
604,0.046408423685419684
605,-0.01125083303405865
606,-0.017744167246100208
607,-0.01726138334259831
608,0.013371083936733119
609,0.047597836241896556
610,-0.040138081798596334
611,0.07366676661300417
612,-0.02658502282362051
613,-0.01569623314432026
614,-0.08018412920676134
615,-0.02975554083252471
616,-0.011503483796788531
617,-0.030951296558074392
618,0.0009141537116883584
619,-0.024700143994917653
620,0.042691668937056594
621,-0.03210754003414516
622,-0.017744167246100208
623,-0.01726138334259831
624,0.013371083936733119
625,0.047597836241896556
626,-0.040138081798596334
627,0.07366676661300417
628,-0.02658502282362051
629,-0.01569623314432026
630,-0.08018412920676134
631,-0.02975554083252471
632,-0.011503483796788531
633,-0.030951296558074392
634,0.0009141537116883584
635,-0.024700143994917653
636,0.042691668937056594
637,-0.03210754003414516
638,-0.017744167246100208
639,-0.01726138334259831
640,0.013371083936733119
641,0.047597836241896556
642,-0.040138081798596334
643,0.07366676661300417
644,-0.02658502282362051
645,-0.01569623314432026
646,-0.08018412920676134
647,-0.02975554083252471
648,-0.011503483796788531
649,-0.030951296558074392
650,0.0009141537116883584
651,-0.024700143994917653
652,0.042691668937056594
653,-0.03210754003414516
654,-0.017744167246100208
655,-0.01726138334259831
656,0.0
657,0.0
658,0.0
659,0.0
660,0.0
661,0.0
662,0.0
663,0.0
664,0.0
665,0.0
666,0.0
667,0.0
668,0.0
669,0.0
670,0.0
671,0.0
672,0.013371083936733119
673,0.047597836241896556
674,-0.040138081798596334
675,0.07366676661300417
676,-0.02658502282362051
677,-0.01569623314432026
678,-0.08018412920676134
679,-0.02975554083252471
680,-0.011503483796788531
681,-0.030951296558074392
682,0.0009141537116883584
683,-0.024700143994917653
684,0.042691668937056594
685,-0.03210754003414516
686,-0.017744167246100208
687,-0.01726138334259831
688,0.013371083936733119
689,0.047597836241896556
690,-0.040138081798596334
691,0.07366676661300417
692,-0.02658502282362051
693,-0.01569623314432026
694,-0.08018412920676134
695,-0.02975554083252471
696,-0.011503483796788531
697,-0.030951296558074392
698,0.0009141537116883584
699,-0.024700143994917653
700,0.042691668937056594
701,-0.03210754003414516
702,-0.017744167246100208
703,-0.01726138334259831
704,0.013371083936733119
705,0.047597836241896556
706,-0.040138081798596334
707,0.07366676661300417
708,-0.02658502282362051
709,-0.01569623314432026
710,-0.08018412920676134
711,-0.02975554083252471
712,-0.011503483796788531
713,-0.030951296558074392
714,0.0009141537116883584
715,-0.024700143994917653
716,0.042691668937056594
717,-0.03210754003414516
718,-0.017744167246100208
719,-0.01726138334259831
720,0.013371083936733119
721,0.047597836241896556
722,-0.040138081798596334
723,0.07366676661300417
724,-0.02658502282362051
725,-0.01569623314432026
726,-0.08018412920676134
727,-0.02975554083252471
728,-0.011503483796788531
729,-0.030951296558074392
730,0.0009141537116883584
731,-0.024700143994917653
732,0.042691668937056594
733,-0.03210754003414516
734,-0.017744167246100208
735,-0.01726138334259831
736,0.013371083936733119
737,0.047597836241896556
738,-0.040138081798596334
739,0.07366676661300417
740,-0.02658502282362051
741,-0.01569623314432026
742,-0.08018412920676134
743,-0.02975554083252471
744,-0.011503483796788531
745,-0.030951296558074392
746,0.0009141537116883584
747,-0.024700143994917653
748,0.042691668937056594
749,-0.03210754003414516
750,-0.017744167246100208
751,-0.01726138334259831
752,0.013371083936733119
753,0.047597836241896556
754,-0.040138081798596334
755,0.08499026023835106
756,0.008853019302036857
757,0.029145815521241066
758,-0.06227119357283946
759,-0.02975554083252471
760,-0.004764436992937269
761,-0.022196381214630138
762,0.0009141537116883584
763,0.0014440292231518194
764,0.042691668937056594
765,-0.023377201751398072
766,-0.017744167246100208
767,-0.01726138334259831
768,0.011069681966086249
769,0.042007549619710205
770,-0.043895342708019994
771,0.08467032817521955
772,0.03289244493486258
773,0.06447384612273872
774,-0.01151643555439729
775,0.03504067533588958
776,0.05202062337407842
777,-0.01547749052887978
778,0.022795194448760644
779,0.004022529958191676
780,0.0367085869316241
781,0.0137492318289794
782,-0.02296973601444524
783,-0.022247620334420286
784,-0.029963233836727412
785,0.04821355923747099
786,0.02068315997002296
787,0.06092236621348701
788,0.031372180772373075
789,0.06094091281186022
790,0.06588210564124622
791,0.07878868454264028
792,0.07191954747384582
793,0.010281660859081592
794,0.029447213055979728
795,-0.015323871358214565
796,-0.017016460783378696
797,0.07987178513851614
798,0.07858451964527363
799,0.033376666205395
800,0.0914243080401133
801,0.00854247510148486
802,0.04949821478579545
803,-0.009919319026327152
804,-0.0018558621678744195
805,-0.03740513701416454
806,0.03043987336550828
807,0.001979275627501963
808,0.0010560756870089617
809,0.008180217992314626
810,0.023612520951726994
811,0.04152946963167374
812,0.049389803372204555
813,-0.022453412121699205
814,0.060483587341447036
815,0.038161836440317
816,0.04318153809406014
817,0.047597836241896556
818,-0.0013637347347390224
819,0.07366676661300417
820,-0.02658502282362051
821,-0.01569623314432026
822,-0.07908818802110675
823,-0.02975554083252471
824,-0.011503483796788531
825,-0.021774592417965054
826,0.0009141537116883584
827,-0.006565489798424785
828,0.052601192084007514
829,0.0044878249440580276
830,-0.007357449534842273
831,-0.010665793252496867
832,0.013371083936733119
833,0.047597836241896556
834,-0.040138081798596334
835,0.07366676661300417
836,-0.02658502282362051
837,-0.01569623314432026
838,-0.08018412920676134
839,-0.02975554083252471
840,-0.011503483796788531
841,-0.030951296558074392
842,0.0009141537116883584
843,-0.024700143994917653
844,0.042691668937056594
845,-0.03210754003414516
846,-0.017744167246100208
847,-0.01726138334259831
848,0.013371083936733119
849,0.047597836241896556
850,-0.040138081798596334
851,0.07366676661300417
852,-0.02658502282362051
853,-0.01569623314432026
854,-0.08018412920676134
855,-0.02975554083252471
856,-0.011503483796788531
857,-0.030951296558074392
858,0.0009141537116883584
859,-0.024700143994917653
860,0.042691668937056594
861,-0.03210754003414516
862,-0.017744167246100208
863,-0.01726138334259831
864,0.013371083936733119
865,0.047597836241896556
866,-0.040138081798596334
867,0.07366676661300417
868,-0.02658502282362051
869,-0.01569623314432026
870,-0.08018412920676134
871,-0.02975554083252471
872,-0.011503483796788531
873,-0.030951296558074392
874,0.0009141537116883584
875,-0.024700143994917653
876,0.042691668937056594
877,-0.03210754003414516
878,-0.017744167246100208
879,-0.01726138334259831
880,0.0
881,0.0
882,0.0
883,0.0
884,0.0
885,0.0
886,0.0
887,0.0
888,0.0
889,0.0
890,0.0
891,0.0
892,0.0
893,0.0
894,0.0
895,0.0
896,0.013371083936733119
897,0.047597836241896556
898,-0.040138081798596334
899,0.07366676661300417
900,-0.02658502282362051
901,-0.01569623314432026
902,-0.08018412920676134
903,-0.02975554083252471
904,-0.011503483796788531
905,-0.030951296558074392
906,0.0009141537116883584
907,-0.024700143994917653
908,0.042691668937056594
909,-0.03210754003414516
910,-0.017744167246100208
911,-0.01726138334259831
912,0.013371083936733119
913,0.047597836241896556
914,-0.040138081798596334
915,0.07366676661300417
916,-0.02658502282362051
917,-0.01569623314432026
918,-0.08018412920676134
919,-0.02975554083252471
920,-0.011503483796788531
921,-0.030951296558074392
922,0.0009141537116883584
923,-0.024700143994917653
924,0.042691668937056594
925,-0.03210754003414516
926,-0.017744167246100208
927,-0.01726138334259831
928,0.013371083936733119
929,0.047597836241896556
930,-0.040138081798596334
931,0.07366676661300417
932,-0.02658502282362051
933,-0.01569623314432026
934,-0.08018412920676134
935,-0.02975554083252471
936,-0.011503483796788531
937,-0.030951296558074392
938,0.0009141537116883584
939,-0.024700143994917653
940,0.042691668937056594
941,-0.03210754003414516
942,-0.017744167246100208
943,-0.01726138334259831
944,0.013371083936733119
945,0.047597836241896556
946,-0.040138081798596334
947,0.07366676661300417
948,-0.02658502282362051
949,-0.01569623314432026
950,-0.08018412920676134
951,-0.02975554083252471
952,-0.011503483796788531
953,-0.030951296558074392
954,0.0009141537116883584
955,-0.024700143994917653
956,0.042691668937056594
957,-0.03210754003414516
958,-0.017744167246100208
959,-0.01726138334259831
960,0.013371083936733119
961,0.047597836241896556
962,-0.040138081798596334
963,0.07366676661300417
964,-0.02658502282362051
965,-0.01569623314432026
966,-0.08018412920676134
967,-0.02975554083252471
968,-0.011503483796788531
969,-0.030951296558074392
970,0.0009141537116883584
971,-0.024700143994917653
972,0.042691668937056594
973,-0.03210754003414516
974,-0.017744167246100208
975,-0.01726138334259831
976,0.016235949469251373
977,0.047597836241896556
978,-0.040138081798596334
979,0.07366676661300417
980,-0.02191399172789838
981,-0.01569623314432026
982,-0.06982263719143332
983,-0.02975554083252471
984,-0.011503483796788531
985,-0.014263201986243607
986,0.0009141537116883584
987,-0.024700143994917653
988,0.042691668937056594
989,-0.01847083804225932
990,-0.004949790117915134
991,-0.004342960321742145
992,0.020008029821215384
993,0.04734283016552143
994,-0.04017377975807888
995,0.07366308771716716
996,-0.0003731057029406795
997,-0.01579771251176046
998,-0.01289287146447494
999,-0.029902081388209954
1000,0.025805221394639248
1001,0.007755713864036661
1002,0.0007340517962350166
1003,-0.02497718120677181
1004,0.04268042841148911
1005,0.00958416672590106
1006,0.01266618795208999
1007,0.03283805287027824
1008,-0.027814411738223053
1009,-0.012120169043922286
1010,0.020484179738702105
1011,0.05364633001749762
1012,0.050638418154739795
1013,0.04888043136899943
1014,0.05605241792594817
1015,0.031241963223359863
1016,0.0729767252131703
1017,0.01930535831623617
1018,-0.017719250783373882
1019,0.024378417682613934
1020,-0.03017545880650444
1021,0.05869524530280134
1022,-0.03447928031946963
1023,0.005132134244497745
1024,0.09180906394497669
1025,0.04532444538484301
1026,0.06203203644113322
1027,0.0028093815425204176
1028,0.008386919751563448
1029,0.01875312402027927
1030,0.025651074406257555
1031,0.02767757947703016
1032,0.005003372812338522
1033,0.000540278321401487
1034,0.02787686513425512
1035,0.041867418991431954
1036,0.06376527617873912
1037,0.0021229710440145606
1038,0.0685061967834683
1039,0.014962874463504684
1040,0.03648089173211702
1041,0.047597836241896556
1042,-0.011749532559518768
1043,0.07366676661300417
1044,-0.02658502282362051
1045,-0.01569623314432026
1046,-0.07180241400618476
1047,-0.023671170827435205
1048,-0.011503483796788531
1049,-0.028419942751034908
1050,0.019017287677838824
1051,-0.002905295986190437
1052,0.04600162322844387
1053,-0.03210754003414516
1054,0.020531179267050184
1055,-0.014614679933180661
1056,0.013371083936733119
1057,0.047597836241896556
1058,-0.040138081798596334
1059,0.07366676661300417
1060,-0.02658502282362051
1061,-0.01569623314432026
1062,-0.08018412920676134
1063,-0.02975554083252471
1064,-0.011503483796788531
1065,-0.030951296558074392
1066,0.0009141537116883584
1067,-0.024700143994917653
1068,0.042691668937056594
1069,-0.03210754003414516
1070,-0.017744167246100208
1071,-0.01726138334259831
1072,0.013371083936733119
1073,0.047597836241896556
1074,-0.040138081798596334
1075,0.07366676661300417
1076,-0.02658502282362051
1077,-0.01569623314432026
1078,-0.08018412920676134
1079,-0.02975554083252471
1080,-0.011503483796788531
1081,-0.030951296558074392
1082,0.0009141537116883584
1083,-0.024700143994917653
1084,0.042691668937056594
1085,-0.03210754003414516
1086,-0.017744167246100208
1087,-0.01726138334259831
1088,0.013371083936733119
1089,0.047597836241896556
1090,-0.040138081798596334
1091,0.07366676661300417
1092,-0.02658502282362051
1093,-0.01569623314432026
1094,-0.08018412920676134
1095,-0.02975554083252471
1096,-0.011503483796788531
1097,-0.030951296558074392
1098,0.0009141537116883584
1099,-0.024700143994917653
1100,0.042691668937056594
1101,-0.03210754003414516
1102,-0.017744167246100208
1103,-0.01726138334259831
1104,0.0
1105,0.0
1106,0.0
1107,0.0
1108,0.0
1109,0.0
1110,0.0
1111,0.0
1112,0.0
1113,0.0
1114,0.0
1115,0.0
1116,0.0
1117,0.0
1118,0.0
1119,0.0
1120,0.013371083936733119
1121,0.047597836241896556
1122,-0.040138081798596334
1123,0.07366676661300417
1124,-0.02658502282362051
1125,-0.01569623314432026
1126,-0.08018412920676134
1127,-0.02975554083252471
1128,-0.011503483796788531
1129,-0.030951296558074392
1130,0.0009141537116883584
1131,-0.024700143994917653
1132,0.042691668937056594
1133,-0.03210754003414516
1134,-0.017744167246100208
1135,-0.01726138334259831
1136,0.013371083936733119
1137,0.047597836241896556
1138,-0.040138081798596334
1139,0.07366676661300417
1140,-0.02658502282362051
1141,-0.01569623314432026
1142,-0.08018412920676134
1143,-0.02975554083252471
1144,-0.011503483796788531
1145,-0.030951296558074392
1146,0.0009141537116883584
1147,-0.024700143994917653
1148,0.042691668937056594
1149,-0.03210754003414516
1150,-0.017744167246100208
1151,-0.01726138334259831
1152,0.013371083936733119
1153,0.047597836241896556
1154,-0.040138081798596334
1155,0.07366676661300417
1156,-0.02658502282362051
1157,-0.01569623314432026
1158,-0.08018412920676134
1159,-0.02975554083252471
1160,-0.011503483796788531
1161,-0.030951296558074392
1162,0.0009141537116883584
1163,-0.024700143994917653
1164,0.042691668937056594
1165,-0.03210754003414516
1166,-0.017744167246100208
1167,-0.01726138334259831
1168,0.01564165992900586
1169,0.047597836241896556
1170,-0.040138081798596334
1171,0.07366676661300417
1172,-0.026223428054698877
1173,-0.01569623314432026
1174,-0.058314230947265414
1175,-0.029514461738215838
1176,-0.011503483796788531
1177,-0.0014379073459569354
1178,0.0009141537116883584
1179,-0.024700143994917653
1180,0.042691668937056594
1181,0.01448248508457953
1182,0.0020241006137798317
1183,0.004190194567107806
1184,0.016704800417494958
1185,0.03490953840653441
1186,-0.0021851681933331406
1187,0.06858053378375513
1188,0.010428005825255958
1189,-0.03235171158563446
1190,0.00040136293047503095
1191,-0.028057127211743877
1192,0.02144999939876834
1193,0.017350775407637332
1194,-0.013076358460797818
1195,-0.024817044684686995
1196,0.03240804762880232
1197,0.011476335510325085
1198,0.012192146527530404
1199,0.04243817826619395
1200,0.04410868390013862
1201,0.003563004973642637
1202,0.021204938774932434
1203,0.037440085206886506
1204,0.011752468691649223
1205,-0.02187213082011358
1206,0.03031173273299674
1207,-0.006659165531214273
1208,0.01775872154339823
1209,0.018454748957766977
1210,-0.023879830336460697
1211,-0.025031779187278957
1212,0.021473493627166093
1213,0.05071615349099655
1214,-0.00718755264087881
1215,0.051320499872008804
1216,-0.01773135189594027
1217,0.007325787712821403
1218,0.03660174374040271
1219,-0.004652710556910485
1220,0.05513678021894557
1221,0.03974034957578647
1222,0.06122154624470317
1223,0.034104956498081554
1224,0.032411681843237145
1225,0.02912572981615446
1226,-0.006617672932413563
1227,0.055054470532429275
1228,-0.012236924887232483
1229,0.06016278036356683
1230,-0.023200276226784076
1231,0.035829225969839465
1232,0.05718755643422899
1233,0.06199365756271757
1234,0.04960143505083013
1235,0.011084221880091845
1236,0.0445200257542467
1237,0.0569216606261229
1238,0.04313752390299941
1239,0.047657444302127504
1240,-0.0015743098819311556
1241,0.0035957605384621394
1242,0.03378632543429416
1243,0.05319547965907809
1244,0.04006602016745741
1245,0.048019360307878206
1246,0.06863824218333457
1247,0.0003780492230252581
1248,0.05683667699262038
1249,0.05285924788095549
1250,0.02368165643986965
1251,0.0676865407441009
1252,-0.028632546718792576
1253,-0.012025639988767572
1254,-0.034507992022315484
1255,0.013334661710116383
1256,-0.010480734188116849
1257,-0.018990291807711036
1258,0.03832130606477589
1259,0.011848275670303166
1260,0.04335747378949381
1261,-0.041015421776015804
1262,0.06220180623087228
1263,-0.0033295333659150144
1264,0.024459570805603473
1265,0.047597836241896556
1266,-0.039849912431038914
1267,0.07366676661300417
1268,-0.02658502282362051
1269,-0.01569623314432026
1270,-0.08018412920676134
1271,-0.02975554083252471
1272,-0.01041100126025287
1273,-0.030951296558074392
1274,0.00909848782285333
1275,-0.01993507419079357
1276,0.042691668937056594
1277,-0.03210754003414516
1278,-0.006633116353144708
1279,-0.01726138334259831
1280,0.013371083936733119
1281,0.047597836241896556
1282,-0.040138081798596334
1283,0.07366676661300417
1284,-0.02658502282362051
1285,-0.01569623314432026
1286,-0.08018412920676134
1287,-0.02975554083252471
1288,-0.011503483796788531
1289,-0.030951296558074392
1290,0.0009141537116883584
1291,-0.024700143994917653
1292,0.042691668937056594
1293,-0.03210754003414516
1294,-0.017744167246100208
1295,-0.01726138334259831
1296,0.013371083936733119
1297,0.047597836241896556
1298,-0.040138081798596334
1299,0.07366676661300417
1300,-0.02658502282362051
1301,-0.01569623314432026
1302,-0.08018412920676134
1303,-0.02975554083252471
1304,-0.011503483796788531
1305,-0.030951296558074392
1306,0.0009141537116883584
1307,-0.024700143994917653
1308,0.042691668937056594
1309,-0.03210754003414516
1310,-0.017744167246100208
1311,-0.01726138334259831
1312,0.013371083936733119
1313,0.047597836241896556
1314,-0.040138081798596334
1315,0.07366676661300417
1316,-0.02658502282362051
1317,-0.01569623314432026
1318,-0.08018412920676134
1319,-0.02975554083252471
1320,-0.011503483796788531
1321,-0.030951296558074392
1322,0.0009141537116883584
1323,-0.024700143994917653
1324,0.042691668937056594
1325,-0.03210754003414516
1326,-0.017744167246100208
1327,-0.01726138334259831
1328,0.0
1329,0.0
1330,0.0
1331,0.0
1332,0.0
1333,0.0
1334,0.0
1335,0.0
1336,0.0
1337,0.0
1338,0.0
1339,0.0
1340,0.0
1341,0.0
1342,0.0
1343,0.0
1344,0.013371083936733119
1345,0.047597836241896556
1346,-0.040138081798596334
1347,0.07366676661300417
1348,-0.02658502282362051
1349,-0.01569623314432026
1350,-0.08018412920676134
1351,-0.02975554083252471
1352,-0.011503483796788531
1353,-0.030951296558074392
1354,0.0009141537116883584
1355,-0.024700143994917653
1356,0.042691668937056594
1357,-0.03210754003414516
1358,-0.017744167246100208
1359,-0.01726138334259831
1360,0.013371083936733119
1361,0.047597836241896556
1362,-0.040138081798596334
1363,0.07366676661300417
1364,-0.02658502282362051
1365,-0.01569623314432026
1366,-0.08018412920676134
1367,-0.02975554083252471
1368,-0.011503483796788531
1369,-0.030951296558074392
1370,0.0009141537116883584
1371,-0.024700143994917653
1372,0.042691668937056594
1373,-0.03210754003414516
1374,-0.017744167246100208
1375,-0.01726138334259831
1376,0.013371083936733119
1377,0.047597836241896556
1378,-0.040138081798596334
1379,0.07366676661300417
1380,-0.02658502282362051
1381,-0.01569623314432026
1382,-0.08018412920676134
1383,-0.02975554083252471
1384,-0.011503483796788531
1385,-0.030951296558074392
1386,0.0009141537116883584
1387,-0.024700143994917653
1388,0.042691668937056594
1389,-0.03210754003414516
1390,-0.017744167246100208
1391,-0.01726138334259831
1392,0.013371083936733119
1393,0.06403742953409201
1394,-0.03318153404499104
1395,0.08717116782508424
1396,0.02044770077111547
1397,0.04919232921485614
1398,-0.04540695187294855
1399,0.03414658459823654
1400,0.015037152515758129
1401,-0.021036470875719884
1402,0.0009141537116883584
1403,0.00833608001598753
1404,0.042691668937056594
1405,0.014136669196626404
1406,-0.017744167246100208
1407,-0.01726138334259831
1408,-0.01777414260512694
1409,0.03478346395662066
1410,0.027079447548068923
1411,0.07132600351884233
1412,0.025182086382747326
1413,0.07527462686556877
1414,0.05179189226419445
1415,0.10756679905328155
1416,0.042133963793807155
1417,-0.005776163254231239
1418,0.037121513879801525
1419,0.013600810647834957
1420,-0.0002114704020436391
1421,0.036847407673674656
1422,-0.0026975839373185777
1423,0.01828884043212996
1424,-0.03170882482783016
1425,0.033057977302641456
1426,0.03371997266336363
1427,0.009220787983892899
1428,0.03774383091488375
1429,0.07182359005148024
1430,0.07706580907891965
1431,0.1146768388712845
1432,0.018103445606583002
1433,0.025135200094550787
1434,0.03798487348407465
1435,0.02004620240570883
1436,-0.013885575018910953
1437,0.03655865869289193
1438,0.01094658968171628
1439,0.015791946752188833
1440,0.07122993658910268
1441,0.04427843109682808
1442,0.05198367701238099
1443,-0.017995783930768346
1444,0.044197554057227625
1445,0.05609547744823365
1446,0.08783875115368188
1447,0.10777269931152293
1448,0.007077095925711819
1449,0.0396918083623844
1450,0.0209182225807577
1451,0.06348981421042857
1452,0.009812792779026075
1453,0.026593764715124816
1454,0.09828960553076062
1455,0.06166834474171928
1456,0.09880724649640422
1457,0.02117038577682803
1458,0.032423062085663985
1459,0.021231061377165142
1460,0.0063589115546153815
1461,-0.04441158182894622
1462,-0.01132881169094974
1463,-0.06806478012238978
1464,0.006490754279672198
1465,0.016163217962861486
1466,0.02681973011509571
1467,0.03827796586144598
1468,0.04153552906581394
1469,-0.00458704451873717
1470,0.063388880544329
1471,0.037484751520493124
1472,0.05133892468590206
1473,0.047597836241896556
1474,-0.017185227577903184
1475,0.07366676661300417
1476,-0.02658502282362051
1477,-0.01569623314432026
1478,-0.08018412920676134
1479,-0.02975554083252471
1480,-0.008635101340170774
1481,-0.02084006917242164
1482,0.008423601170012836
1483,-0.01739497070235643
1484,0.04826237508581541
1485,0.010719194909242911
1486,-0.009433891596890452
1487,-0.015254947870629584
1488,0.013371083936733119
1489,0.047597836241896556
1490,-0.040138081798596334
1491,0.07366676661300417
1492,-0.02658502282362051
1493,-0.01569623314432026
1494,-0.08018412920676134
1495,-0.02975554083252471
1496,-0.011503483796788531
1497,-0.030951296558074392
1498,0.0009141537116883584
1499,-0.024700143994917653
1500,0.042691668937056594
1501,-0.03210754003414516
1502,-0.017744167246100208
1503,-0.01726138334259831
1504,0.013371083936733119
1505,0.047597836241896556
1506,-0.040138081798596334
1507,0.07366676661300417
1508,-0.02658502282362051
1509,-0.01569623314432026
1510,-0.08018412920676134
1511,-0.02975554083252471
1512,-0.011503483796788531
1513,-0.030951296558074392
1514,0.0009141537116883584
1515,-0.024700143994917653
1516,0.042691668937056594
1517,-0.03210754003414516
1518,-0.017744167246100208
1519,-0.01726138334259831
1520,0.013371083936733119
1521,0.047597836241896556
1522,-0.040138081798596334
1523,0.07366676661300417
1524,-0.02658502282362051
1525,-0.01569623314432026
1526,-0.08018412920676134
1527,-0.02975554083252471
1528,-0.011503483796788531
1529,-0.030951296558074392
1530,0.0009141537116883584
1531,-0.024700143994917653
1532,0.042691668937056594
1533,-0.03210754003414516
1534,-0.017744167246100208
1535,-0.01726138334259831
1536,0.013371083936733119
1537,0.047597836241896556
1538,-0.040138081798596334
1539,0.07366676661300417
1540,-0.02658502282362051
1541,-0.01569623314432026
1542,-0.08018412920676134
1543,-0.02975554083252471
1544,-0.011503483796788531
1545,-0.030951296558074392
1546,0.0009141537116883584
1547,-0.024700143994917653
1548,0.042691668937056594
1549,-0.03210754003414516
1550,-0.017744167246100208
1551,-0.01726138334259831
1552,0.0
1553,0.0
1554,0.0
1555,0.0
1556,0.0
1557,0.0
1558,0.0
1559,0.0
1560,0.0
1561,0.0
1562,0.0
1563,0.0
1564,0.0
1565,0.0
1566,0.0
1567,0.0
1568,0.013371083936733119
1569,0.047597836241896556
1570,-0.040138081798596334
1571,0.07366676661300417
1572,-0.02658502282362051
1573,-0.01569623314432026
1574,-0.08018412920676134
1575,-0.02975554083252471
1576,-0.011503483796788531
1577,-0.030951296558074392
1578,0.0009141537116883584
1579,-0.024700143994917653
1580,0.042691668937056594
1581,-0.03210754003414516
1582,-0.017744167246100208
1583,-0.01726138334259831
1584,0.013371083936733119
1585,0.047597836241896556
1586,-0.040138081798596334
1587,0.07366676661300417
1588,-0.02658502282362051
1589,-0.01569623314432026
1590,-0.08018412920676134
1591,-0.02975554083252471
1592,-0.011503483796788531
1593,-0.030951296558074392
1594,0.0009141537116883584
1595,-0.024700143994917653
1596,0.042691668937056594
1597,-0.03210754003414516
1598,-0.017744167246100208
1599,-0.01726138334259831
1600,0.013371083936733119
1601,0.047597836241896556
1602,-0.040138081798596334
1603,0.07366676661300417
1604,-0.02658502282362051
1605,-0.01569623314432026
1606,-0.08018412920676134
1607,-0.02975554083252471
1608,-0.011503483796788531
1609,-0.030951296558074392
1610,0.0009141537116883584
1611,-0.024700143994917653
1612,0.042691668937056594
1613,-0.03210754003414516
1614,-0.017744167246100208
1615,-0.01726138334259831
1616,0.013371083936733119
1617,0.047597836241896556
1618,-0.040138081798596334
1619,0.07566956140388184
1620,-0.020317069794592673
1621,-0.007764986441567923
1622,-0.07701585487695203
1623,-0.02975554083252471
1624,-0.01031154354576722
1625,-0.02940280812998221
1626,0.0009141537116883584
1627,-0.02007600451417067
1628,0.042691668937056594
1629,-0.030563398569169484
1630,-0.017744167246100208
1631,-0.01726138334259831
1632,0.013371083936733119
1633,0.047597836241896556
1634,-0.040138081798596334
1635,0.08212989404053074
1636,0.009303660713976564
1637,0.030761099192447003
1638,-0.052336354171907705
1639,-0.023789363189633757
1640,0.011584293725642616
1641,-0.019502489479874065
1642,0.0009141537116883584
1643,-0.003552189393142887
1644,0.042691668937056594
1645,-0.009326061886971828
1646,-0.017744167246100208
1647,-0.01726138334259831
1648,0.014805311449216962
1649,0.047597836241896556
1650,-0.040138081798596334
1651,0.0795210898478774
1652,0.0065546781068631065
1653,0.055889254583100734
1654,-0.028293374702886315
1655,-0.0015788203986218108
1656,0.036449339898127375
1657,-0.019363197384972195
1658,0.019006971714099947
1659,0.01135195837783434
1660,0.042691668937056594
1661,-0.007589977675187152
1662,-0.013924027321592933
1663,-0.01726138334259831
1664,-0.026547077395295902
1665,0.044423370516310665
1666,0.004727845980248269
1667,0.08183908759468529
1668,0.02480050169502903
1669,0.0707262872674934
1670,0.041754202412631294
1671,0.08756888294381315
1672,0.05994490706200856
1673,0.004083409016504769
1674,0.030064235926339236
1675,0.001218940952659009
1676,-0.014910278164327495
1677,0.0720614071334093
1678,0.03878811216494
1679,-0.010241051148132412
1680,0.06999766941149559
1681,0.02945470086074598
1682,0.04742382444495918
1683,-0.02054972351332337
1684,4.750205239997102e-05
1685,0.01538293968294007
1686,0.05669368332422714
1687,0.07166594107265295
1688,0.041158730052747367
1689,0.012844196034385247
1690,0.030339573236002955
1691,0.04071800859020503
1692,0.02967693680108886
1693,-0.01768567882581633
1694,0.09322975903941165
1695,0.05472601993557282
1696,0.06855673730991381
1697,0.03308235304625926
1698,0.03214414391567489
1699,0.06122294750452233
1700,-0.0140312965741108
1701,-0.01969595106767778
1702,-0.041957394647386875
1703,-0.043709004996281164
1704,-0.014537030900711184
1705,-0.008138928955794836
1706,0.00012582707789696862
1707,0.0366361411495262
1708,0.0527492497468291
1709,0.0106787719304711
1710,0.02205780310146926
1711,0.017783882556361215
1712,0.015651883628519367
1713,0.047597836241896556
1714,-0.038960492322433704
1715,0.07366676661300417
1716,-0.02658502282362051
1717,-0.01569623314432026
1718,-0.08018412920676134
1719,-0.02975554083252471
1720,-0.011202706364939667
1721,-0.03045774912497515
1722,0.0009141537116883584
1723,-0.02447872904974292
1724,0.04314989897452602
1725,-0.029536165198518056
1726,-0.017744167246100208
1727,-0.01726138334259831
1728,0.013371083936733119
1729,0.047597836241896556
1730,-0.040138081798596334
1731,0.07366676661300417
1732,-0.02658502282362051
1733,-0.01569623314432026
1734,-0.08018412920676134
1735,-0.02975554083252471
1736,-0.011503483796788531
1737,-0.030951296558074392
1738,0.0009141537116883584
1739,-0.024700143994917653
1740,0.042691668937056594
1741,-0.03210754003414516
1742,-0.017744167246100208
1743,-0.01726138334259831
1744,0.013371083936733119
1745,0.047597836241896556
1746,-0.040138081798596334
1747,0.07366676661300417
1748,-0.02658502282362051
1749,-0.01569623314432026
1750,-0.08018412920676134
1751,-0.02975554083252471
1752,-0.011503483796788531
1753,-0.030951296558074392
1754,0.0009141537116883584
1755,-0.024700143994917653
1756,0.042691668937056594
1757,-0.03210754003414516
1758,-0.017744167246100208
1759,-0.01726138334259831
1760,0.013371083936733119
1761,0.047597836241896556
1762,-0.040138081798596334
1763,0.07366676661300417
1764,-0.02658502282362051
1765,-0.01569623314432026
1766,-0.08018412920676134
1767,-0.02975554083252471
1768,-0.011503483796788531
1769,-0.030951296558074392
1770,0.0009141537116883584
1771,-0.024700143994917653
1772,0.042691668937056594
1773,-0.03210754003414516
1774,-0.017744167246100208
1775,-0.01726138334259831
1776,0.0
1777,0.0
1778,0.0
1779,0.0
1780,0.0
1781,0.0
1782,0.0
1783,0.0
1784,0.0
1785,0.0
1786,0.0
1787,0.0
1788,0.0
1789,0.0
1790,0.0
1791,0.0
1792,0.013371083936733119
1793,0.047597836241896556
1794,-0.040138081798596334
1795,0.07366676661300417
1796,-0.02658502282362051
1797,-0.01569623314432026
1798,-0.08018412920676134
1799,-0.02975554083252471
1800,-0.011503483796788531
1801,-0.030951296558074392
1802,0.0009141537116883584
1803,-0.024700143994917653
1804,0.042691668937056594
1805,-0.03210754003414516
1806,-0.017744167246100208
1807,-0.01726138334259831
1808,0.013371083936733119
1809,0.047597836241896556
1810,-0.040138081798596334
1811,0.07366676661300417
1812,-0.02658502282362051
1813,-0.01569623314432026
1814,-0.08018412920676134
1815,-0.02975554083252471
1816,-0.011503483796788531
1817,-0.030951296558074392
1818,0.0009141537116883584
1819,-0.024700143994917653
1820,0.042691668937056594
1821,-0.03210754003414516
1822,-0.017744167246100208
1823,-0.01726138334259831
1824,0.013371083936733119
1825,0.047597836241896556
1826,-0.040138081798596334
1827,0.07366676661300417
1828,-0.02658502282362051
1829,-0.01569623314432026
1830,-0.08018412920676134
1831,-0.02975554083252471
1832,-0.011503483796788531
1833,-0.030951296558074392
1834,0.0009141537116883584
1835,-0.024700143994917653
1836,0.042691668937056594
1837,-0.03210754003414516
1838,-0.017744167246100208
1839,-0.01726138334259831
1840,0.013371083936733119
1841,0.047597836241896556
1842,-0.040138081798596334
1843,0.07366676661300417
1844,-0.02658502282362051
1845,-0.01569623314432026
1846,-0.08018412920676134
1847,-0.02975554083252471
1848,-0.011503483796788531
1849,-0.030951296558074392
1850,0.0009141537116883584
1851,-0.024700143994917653
1852,0.042691668937056594
1853,-0.03210754003414516
1854,-0.017744167246100208
1855,-0.01726138334259831
1856,0.013371083936733119
1857,0.047597836241896556
1858,-0.040138081798596334
1859,0.07366676661300417
1860,-0.02658502282362051
1861,-0.01569623314432026
1862,-0.08018412920676134
1863,-0.02975554083252471
1864,-0.011503483796788531
1865,-0.030951296558074392
1866,0.0009141537116883584
1867,-0.024700143994917653
1868,0.042691668937056594
1869,-0.03210754003414516
1870,-0.017744167246100208
1871,-0.01726138334259831
1872,0.013371083936733119
1873,0.047597836241896556
1874,-0.040138081798596334
1875,0.07366676661300417
1876,-0.02658502282362051
1877,-0.01569623314432026
1878,-0.08018412920676134
1879,-0.02975554083252471
1880,-0.011503483796788531
1881,-0.030951296558074392
1882,0.0009141537116883584
1883,-0.024700143994917653
1884,0.042691668937056594
1885,-0.03210754003414516
1886,-0.017744167246100208
1887,-0.01726138334259831
1888,0.013217657138689992
1889,0.0469993930437854
1890,-0.04045779688275404
1891,0.08309298873394007
1892,0.01626545868740733
1893,0.0696497502685664
1894,-0.019280672463429828
1895,0.02307927726223847
1896,0.028444718896836932
1897,-0.02103245032721061
1898,0.0008051384756418492
1899,-0.0032241196221933534
1900,0.042292796803361093
1901,0.03103773472454812
1902,-0.01809253849732321
1903,-0.017593799142053106
1904,-0.01260864401024965
1905,0.030865357221669592
1906,0.01845361975311861
1907,0.05906676018225097
1908,0.01633758119084209
1909,0.07054007097941815
1910,0.062122103360534794
1911,0.07562800351202181
1912,0.061081745804969056
1913,0.013668396099996778
1914,0.026727490611878915
1915,-0.004996314647012865
1916,-0.010017914026119968
1917,0.08501491065416564
1918,0.08144629047329166
1919,0.03790719898653368
1920,0.08087101970246406
1921,0.009335138222097226
1922,0.05602520504455052
1923,0.005634204706858821
1924,-0.0059136938147019025
1925,-0.042445926049218305
1926,0.005797079207710187
1927,-0.012862347378307281
1928,-0.02054475937518658
1929,0.003664263092024918
1930,0.028843691447240236
1931,0.04580081327529918
1932,0.05918368330964323
1933,-0.0024254354882883127
1934,0.06049212377281924
1935,0.03384268660327048
1936,0.031988863424561205
1937,0.047597836241896556
1938,-0.019228336293241194
1939,0.07366676661300417
1940,-0.02593384545011396
1941,-0.01569623314432026
1942,-0.07623822683874311
1943,-0.02912771188569273
1944,-0.011503483796788531
1945,-0.02570291331006
1946,0.0009141537116883584
1947,-0.0177064342551087
1948,0.04896383134206615
1949,-0.009568762170929175
1950,-0.016251108878639474
1951,-0.009747623216018998
1952,0.013371083936733119
1953,0.047597836241896556
1954,-0.040138081798596334
1955,0.07366676661300417
1956,-0.02658502282362051
1957,-0.01569623314432026
1958,-0.08018412920676134
1959,-0.02975554083252471
1960,-0.011503483796788531
1961,-0.030951296558074392
1962,0.0009141537116883584
1963,-0.024700143994917653
1964,0.042691668937056594
1965,-0.03210754003414516
1966,-0.017744167246100208
1967,-0.01726138334259831
1968,0.013371083936733119
1969,0.047597836241896556
1970,-0.040138081798596334
1971,0.07366676661300417
1972,-0.02658502282362051
1973,-0.01569623314432026
1974,-0.08018412920676134
1975,-0.02975554083252471
1976,-0.011503483796788531
1977,-0.030951296558074392
1978,0.0009141537116883584
1979,-0.024700143994917653
1980,0.042691668937056594
1981,-0.03210754003414516
1982,-0.017744167246100208
1983,-0.01726138334259831
1984,0.013371083936733119
1985,0.047597836241896556
1986,-0.040138081798596334
1987,0.07366676661300417
1988,-0.02658502282362051
1989,-0.01569623314432026
1990,-0.08018412920676134
1991,-0.02975554083252471
1992,-0.011503483796788531
1993,-0.030951296558074392
1994,0.0009141537116883584
1995,-0.024700143994917653
1996,0.042691668937056594
1997,-0.03210754003414516
1998,-0.017744167246100208
1999,-0.01726138334259831
2000,0.0
2001,0.0
2002,0.0
2003,0.0
2004,0.0
2005,0.0
2006,0.0
2007,0.0
2008,0.0
2009,0.0
2010,0.0
2011,0.0
2012,0.0
2013,0.0
2014,0.0
2015,0.0
2016,0.013371083936733119
2017,0.047597836241896556
2018,-0.040138081798596334
2019,0.07366676661300417
2020,-0.02658502282362051
2021,-0.01569623314432026
2022,-0.08018412920676134
2023,-0.02975554083252471
2024,-0.011503483796788531
2025,-0.030951296558074392
2026,0.0009141537116883584
2027,-0.024700143994917653
2028,0.042691668937056594
2029,-0.03210754003414516
2030,-0.017744167246100208
2031,-0.01726138334259831
2032,0.013371083936733119
2033,0.047597836241896556
2034,-0.040138081798596334
2035,0.07366676661300417
2036,-0.02658502282362051
2037,-0.01569623314432026
2038,-0.08018412920676134
2039,-0.02975554083252471
2040,-0.011503483796788531
2041,-0.030951296558074392
2042,0.0009141537116883584
2043,-0.024700143994917653
2044,0.042691668937056594
2045,-0.03210754003414516
2046,-0.017744167246100208
2047,-0.01726138334259831
2048,0.013371083936733119
2049,0.047597836241896556
2050,-0.040138081798596334
2051,0.07366676661300417
2052,-0.02658502282362051
2053,-0.01569623314432026
2054,-0.08018412920676134
2055,-0.02975554083252471
2056,-0.011503483796788531
2057,-0.030951296558074392
2058,0.0009141537116883584
2059,-0.024700143994917653
2060,0.042691668937056594
2061,-0.03210754003414516
2062,-0.017744167246100208
2063,-0.01726138334259831
2064,0.013371083936733119
2065,0.047597836241896556
2066,-0.040138081798596334
2067,0.07366676661300417
2068,-0.02658502282362051
2069,-0.01569623314432026
2070,-0.08018412920676134
2071,-0.02975554083252471
2072,-0.011503483796788531
2073,-0.030951296558074392
2074,0.0009141537116883584
2075,-0.024700143994917653
2076,0.042691668937056594
2077,-0.03210754003414516
2078,-0.017744167246100208
2079,-0.01726138334259831
2080,0.014575879361204368
2081,0.04669168515516394
2082,-0.04060215527186937
2083,0.07361894096712306
2084,0.01857312050686665
2085,-0.01701546492104282
2086,-0.038478995533423474
2087,-0.03166056805643287
2088,0.005149701458065362
2089,-0.0031346947396008497
2090,0.0008986877116584618
2091,-0.01534457286887867
2092,0.042545542104679354
2093,0.005918313243690709
2094,0.00655362296141217
2095,0.016016553745150333
2096,0.046503282394551336
2097,0.047278332605785
2098,-0.020284945823978797
2099,0.07342124572948965
2100,-0.021791107526760705
2101,-0.015798556992248663
2102,-0.0804032716732818
2103,-0.030161204256050674
2104,-0.003085343980693784
2105,-0.018430305291043114
2106,0.0008142688386103408
2107,-0.008772218003987618
2108,0.0472643541508642
2109,-0.003169141186022382
2110,-0.018101482608675938
2111,-0.005595691383536654
2112,0.019016902616301574
2113,0.047470333203709
2114,-0.04015593077833761
2115,0.0738272732176627
2116,0.003796101239752114
2117,-0.012021272887886384
2118,-0.013250573041240306
2119,-0.02982881111036733
2120,0.01603172602503838
2121,0.003525711278961008
2122,0.0008241027539616884
2123,-0.02483866260084473
2124,0.04268604867427286
2125,-0.0032649015056694305
2126,0.007565842073177601
2127,0.025270391485077492
2128,-0.03822667031720302
2129,-0.003936216414431735
2130,0.015392372181828939
2131,0.05374012016338314
2132,0.0538172646715518
2133,0.043081200060806804
2134,0.06195936356191871
2135,0.0229611629934451
2136,0.07139289989202875
2137,0.01539956562952346
2138,-0.009112707446596608
2139,0.030064662517996533
2140,-0.030768558637475397
2141,0.04252122883457469
2142,-0.038429696089162045
2143,0.0046581774664895825
2144,0.08400577926251528
2145,0.03185387398075201
2146,0.07028298218337715
2147,0.00889714783909138
2148,-0.004698437100818452
2149,-0.01037468546789425
2150,0.0030608664711060125
2151,0.006709324636105955
2152,-0.010759355401211795
2153,-0.0011883802149495679
2154,0.026834173225554578
2155,0.0487018183445003
2156,0.06033445594255967
2157,-0.005613635413074192
2158,0.06046048041815187
2159,0.017594781086366296
2160,0.026362441920932504
2161,0.047597836241896556
2162,-0.028012363837700064
2163,0.07366676661300417
2164,-0.02658502282362051
2165,-0.01569623314432026
2166,-0.07613608168514199
2167,-0.026318234922621194
2168,-0.011503483796788531
2169,-0.030787797785307144
2170,0.00988930682858448
2171,-0.012888685517040543
2172,0.04305053398535094
2173,-0.03210754003414516
2174,0.005828958292683152
2175,-0.01726138334259831
2176,0.013371083936733119
2177,0.047597836241896556
2178,-0.040138081798596334
2179,0.07366676661300417
2180,-0.02658502282362051
2181,-0.01569623314432026
2182,-0.08018412920676134
2183,-0.02975554083252471
2184,-0.011503483796788531
2185,-0.030951296558074392
2186,0.0009141537116883584
2187,-0.024700143994917653
2188,0.042691668937056594
2189,-0.03210754003414516
2190,-0.017744167246100208
2191,-0.01726138334259831
2192,0.013371083936733119
2193,0.047597836241896556
2194,-0.040138081798596334
2195,0.07366676661300417
2196,-0.02658502282362051
2197,-0.01569623314432026
2198,-0.08018412920676134
2199,-0.02975554083252471
2200,-0.011503483796788531
2201,-0.030951296558074392
2202,0.0009141537116883584
2203,-0.024700143994917653
2204,0.042691668937056594
2205,-0.03210754003414516
2206,-0.017744167246100208
2207,-0.01726138334259831
2208,0.013371083936733119
2209,0.047597836241896556
2210,-0.040138081798596334
2211,0.07366676661300417
2212,-0.02658502282362051
2213,-0.01569623314432026
2214,-0.08018412920676134
2215,-0.02975554083252471
2216,-0.011503483796788531
2217,-0.030951296558074392
2218,0.0009141537116883584
2219,-0.024700143994917653
2220,0.042691668937056594
2221,-0.03210754003414516
2222,-0.017744167246100208
2223,-0.01726138334259831
2224,0.0
2225,0.0
2226,0.0
2227,0.0
2228,0.0
2229,0.0
2230,0.0
2231,0.0
2232,0.0
2233,0.0
2234,0.0
2235,0.0
2236,0.0
2237,0.0
2238,0.0
2239,0.0
2240,0.013371083936733119
2241,0.047597836241896556
2242,-0.040138081798596334
2243,0.07366676661300417
2244,-0.02658502282362051
2245,-0.01569623314432026
2246,-0.08018412920676134
2247,-0.02975554083252471
2248,-0.011503483796788531
2249,-0.030951296558074392
2250,0.0009141537116883584
2251,-0.024700143994917653
2252,0.042691668937056594
2253,-0.03210754003414516
2254,-0.017744167246100208
2255,-0.01726138334259831
2256,0.013371083936733119
2257,0.047597836241896556
2258,-0.040138081798596334
2259,0.07366676661300417
2260,-0.02658502282362051
2261,-0.01569623314432026
2262,-0.08018412920676134
2263,-0.02975554083252471
2264,-0.011503483796788531
2265,-0.030951296558074392
2266,0.0009141537116883584
2267,-0.024700143994917653
2268,0.042691668937056594
2269,-0.03210754003414516
2270,-0.017744167246100208
2271,-0.01726138334259831
2272,0.013371083936733119
2273,0.047597836241896556
2274,-0.040138081798596334
2275,0.07366676661300417
2276,-0.02658502282362051
2277,-0.01569623314432026
2278,-0.08018412920676134
2279,-0.02975554083252471
2280,-0.011503483796788531
2281,-0.030951296558074392
2282,0.0009141537116883584
2283,-0.024700143994917653
2284,0.042691668937056594
2285,-0.03210754003414516
2286,-0.017744167246100208
2287,-0.01726138334259831
2288,0.013371083936733119
2289,0.047597836241896556
2290,-0.040138081798596334
2291,0.07366676661300417
2292,-0.02658502282362051
2293,-0.01569623314432026
2294,-0.08018412920676134
2295,-0.02975554083252471
2296,-0.011503483796788531
2297,-0.030951296558074392
2298,0.0009141537116883584
2299,-0.024700143994917653
2300,0.042691668937056594
2301,-0.03210754003414516
2302,-0.017744167246100208
2303,-0.01726138334259831
2304,-0.004793561554175844
2305,0.06132518739221868
2306,-0.011345394594050035
2307,0.06924522879842213
2308,0.0053458803611391836
2309,0.04306963204199182
2310,0.02249258508021865
2311,0.06356561243393674
2312,0.04375940589725685
2313,0.008589096365654691
2314,-0.0029339170577334346
2315,-0.03687050479046915
2316,0.0172506697077826
2317,0.03687816899991482
2318,0.014008600930494094
2319,0.03377954937109878
2320,0.041513963421170176
2321,0.022073898710560497
2322,0.04680058887863177
2323,0.007526609243560743
2324,0.029881062602456106
2325,-0.04716774199173467
2326,0.037247827101327624
2327,0.04661815178123247
2328,-0.00823160579033262
2329,0.02998956255471718
2330,0.009323264621452935
2331,-0.0060885518342904815
2332,0.02161719504033749
2333,0.020090416690721553
2334,0.05131950852923538
2335,0.0582090750535304
2336,0.004610186016997802
2337,-0.0030926417422367097
2338,0.04156776699784479
2339,0.0009151475793771339
2340,0.040450610106617504
2341,0.05910584214624908
2342,0.049470588776857775
2343,0.0625392257825642
2344,0.04054253320008263
2345,0.013456650209360368
2346,-0.025105690330650313
2347,0.02752341103963061
2348,-0.01279966942798831
2349,0.056394060899132015
2350,-0.02825088028007962
2351,0.03326811088404923
2352,0.03162140101044426
2353,0.05227634559633017
2354,0.05262269790433629
2355,-0.0005274826889021736
2356,0.05116712215644248
2357,0.06542267909779624
2358,0.04982126445335319
2359,0.05528008103819407
2360,0.01739802554858757
2361,0.005358812836722775
2362,0.028968241928359093
2363,0.05261039206486279
2364,0.046097418088775405
2365,0.04119068799034042
2366,0.06596383186602564
2367,0.0006858293556441025
2368,0.054918051496799285
2369,0.049969598404854536
2370,0.03530366474369092
2371,0.06619148427687507
2372,-0.03551052306689434
2373,-0.02078479676978351
2374,-0.04158929636407871
2375,0.01054046955582542
2376,-0.010225046785948927
2377,-0.01956861233532254
2378,0.03842387816603965
2379,0.01163589023393429
2380,0.05321952173597441
2381,-0.04233212226623376
2382,0.0654944221494294
2383,0.0009617228377929079
2384,0.016674037472141308
2385,0.047597836241896556
2386,-0.04005224411464306
2387,0.07366676661300417
2388,-0.02658502282362051
2389,-0.01569623314432026
2390,-0.08018412920676134
2391,-0.02975554083252471
2392,-0.01117806346675663
2393,-0.030951296558074392
2394,0.003352040468205586
2395,-0.02328076150007218
2396,0.042691668937056594
2397,-0.03210754003414516
2398,-0.014434492512028356
2399,-0.01726138334259831
2400,0.013371083936733119
2401,0.047597836241896556
2402,-0.040138081798596334
2403,0.07366676661300417
2404,-0.02658502282362051
2405,-0.01569623314432026
2406,-0.08018412920676134
2407,-0.02975554083252471
2408,-0.011503483796788531
2409,-0.030951296558074392
2410,0.0009141537116883584
2411,-0.024700143994917653
2412,0.042691668937056594
2413,-0.03210754003414516
2414,-0.017744167246100208
2415,-0.01726138334259831
2416,0.013371083936733119
2417,0.047597836241896556
2418,-0.040138081798596334
2419,0.07366676661300417
2420,-0.02658502282362051
2421,-0.01569623314432026
2422,-0.08018412920676134
2423,-0.02975554083252471
2424,-0.011503483796788531
2425,-0.030951296558074392
2426,0.0009141537116883584
2427,-0.024700143994917653
2428,0.042691668937056594
2429,-0.03210754003414516
2430,-0.017744167246100208
2431,-0.01726138334259831
2432,0.013371083936733119
2433,0.047597836241896556
2434,-0.040138081798596334
2435,0.07366676661300417
2436,-0.02658502282362051
2437,-0.01569623314432026
2438,-0.08018412920676134
2439,-0.02975554083252471
2440,-0.011503483796788531
2441,-0.030951296558074392
2442,0.0009141537116883584
2443,-0.024700143994917653
2444,0.042691668937056594
2445,-0.03210754003414516
2446,-0.017744167246100208
2447,-0.01726138334259831
2448,0.0
2449,0.0
2450,0.0
2451,0.0
2452,0.0
2453,0.0
2454,0.0
2455,0.0
2456,0.0
2457,0.0
2458,0.0
2459,0.0
2460,0.0
2461,0.0
2462,0.0
2463,0.0
2464,0.013371083936733119
2465,0.047597836241896556
2466,-0.040138081798596334
2467,0.07366676661300417
2468,-0.02658502282362051
2469,-0.01569623314432026
2470,-0.08018412920676134
2471,-0.02975554083252471
2472,-0.011503483796788531
2473,-0.030951296558074392
2474,0.0009141537116883584
2475,-0.024700143994917653
2476,0.042691668937056594
2477,-0.03210754003414516
2478,-0.017744167246100208
2479,-0.01726138334259831
2480,0.013371083936733119
2481,0.047597836241896556
2482,-0.040138081798596334
2483,0.07366676661300417
2484,-0.02658502282362051
2485,-0.01569623314432026
2486,-0.08018412920676134
2487,-0.02975554083252471
2488,-0.011503483796788531
2489,-0.030951296558074392
2490,0.0009141537116883584
2491,-0.024700143994917653
2492,0.042691668937056594
2493,-0.03210754003414516
2494,-0.017744167246100208
2495,-0.01726138334259831
2496,0.013371083936733119
2497,0.047597836241896556
2498,-0.040138081798596334
2499,0.07366676661300417
2500,-0.02658502282362051
2501,-0.01569623314432026
2502,-0.08018412920676134
2503,-0.02975554083252471
2504,-0.011503483796788531
2505,-0.030951296558074392
2506,0.0009141537116883584
2507,-0.024700143994917653
2508,0.042691668937056594
2509,-0.03210754003414516
2510,-0.017744167246100208
2511,-0.01726138334259831
2512,0.013371083936733119
2513,0.047597836241896556
2514,-0.040138081798596334
2515,0.07366676661300417
2516,-0.02658502282362051
2517,-0.01569623314432026
2518,-0.08018412920676134
2519,-0.02975554083252471
2520,-0.011503483796788531
2521,-0.030951296558074392
2522,0.0009141537116883584
2523,-0.024700143994917653
2524,0.042691668937056594
2525,-0.03210754003414516
2526,-0.017744167246100208
2527,-0.01726138334259831
2528,0.00470246984729659
2529,0.04019252939360057
2530,-0.03439122798716959
2531,0.08536944483385255
2532,0.027647022037569663
2533,0.0849374192958973
2534,-0.0024009752599717746
2535,0.07191584465408563
2536,0.04360844562874688
2537,-0.015441894750056716
2538,0.0015607239377006654
2539,0.005132329858899554
2540,0.020155393383260892
2541,0.038816081889583826
2542,-0.037427142940199845
2543,-0.03604287601179441
2544,0.020625466923455064
2545,0.04555512384465231
2546,0.02919744292701108
2547,0.06974225446171689
2548,0.02342609764608073
2549,0.08080550585562019
2550,0.034658775376352195
2551,0.14514317966389023
2552,0.03732235935172061
2553,-0.013455466882205282
2554,0.03666066027981778
2555,0.025168119866527068
2556,-0.006000846997564821
2557,0.002803234849419297
2558,0.00761471803211985
2559,-0.04325491648384898
2560,0.05488018517729018
2561,0.062144600521421164
2562,0.029641272159733056
2563,0.042433909138119376
2564,0.017997777930000437
2565,0.08062563823947977
2566,0.031248968327775503
2567,0.12647347191813904
2568,0.034563313237573785
2569,-0.010558741216714176
2570,0.047453721029183264
2571,0.05019101706536036
2572,0.025304110405361683
2573,-0.032157621419244276
2574,0.04338205411279301
2575,-0.0313797885679545
2576,0.057372075937447115
2577,0.05622521756869592
2578,0.0033760581375070547
2579,0.06795836919268741
2580,-0.023192512734263024
2581,-0.0015820209011619991
2582,-0.03260682541141848
2583,0.013069965900129233
2584,-0.002183885603257602
2585,-0.02138991307398359
2586,0.041631167882221695
2587,0.012898148561128545
2588,0.04106767805075999
2589,-0.0419641034179561
2590,0.06085995291690051
2591,-0.01474650838096851
2592,0.032009178886536475
2593,0.047597836241896556
2594,-0.039653712010574285
2595,0.07366676661300417
2596,-0.02658502282362051
2597,-0.01569623314432026
2598,-0.08018412920676134
2599,-0.02975554083252471
2600,-0.009667183363037098
2601,-0.030951296558074392
2602,0.014670800409178418
2603,-0.0166907713454325
2604,0.042691668937056594
2605,-0.03210754003414516
2606,0.0009318544675909497
2607,-0.01726138334259831
2608,0.013371083936733119
2609,0.047597836241896556
2610,-0.040138081798596334
2611,0.07366676661300417
2612,-0.02658502282362051
2613,-0.01569623314432026
2614,-0.08018412920676134
2615,-0.02975554083252471
2616,-0.011503483796788531
2617,-0.030951296558074392
2618,0.0009141537116883584
2619,-0.024700143994917653
2620,0.042691668937056594
2621,-0.03210754003414516
2622,-0.017744167246100208
2623,-0.01726138334259831
2624,0.013371083936733119
2625,0.047597836241896556
2626,-0.040138081798596334
2627,0.07366676661300417
2628,-0.02658502282362051
2629,-0.01569623314432026
2630,-0.08018412920676134
2631,-0.02975554083252471
2632,-0.011503483796788531
2633,-0.030951296558074392
2634,0.0009141537116883584
2635,-0.024700143994917653
2636,0.042691668937056594
2637,-0.03210754003414516
2638,-0.017744167246100208
2639,-0.01726138334259831
2640,0.013371083936733119
2641,0.047597836241896556
2642,-0.040138081798596334
2643,0.07366676661300417
2644,-0.02658502282362051
2645,-0.01569623314432026
2646,-0.08018412920676134
2647,-0.02975554083252471
2648,-0.011503483796788531
2649,-0.030951296558074392
2650,0.0009141537116883584
2651,-0.024700143994917653
2652,0.042691668937056594
2653,-0.03210754003414516
2654,-0.017744167246100208
2655,-0.01726138334259831
2656,0.013371083936733119
2657,0.047597836241896556
2658,-0.040138081798596334
2659,0.07366676661300417
2660,-0.02658502282362051
2661,-0.01569623314432026
2662,-0.08018412920676134
2663,-0.02975554083252471
2664,-0.011503483796788531
2665,-0.030951296558074392
2666,0.0009141537116883584
2667,-0.024700143994917653
2668,0.042691668937056594
2669,-0.03210754003414516
2670,-0.017744167246100208
2671,-0.01726138334259831
2672,0.0
2673,0.0
2674,0.0
2675,0.0
2676,0.0
2677,0.0
2678,0.0
2679,0.0
2680,0.0
2681,0.0
2682,0.0
2683,0.0
2684,0.0
2685,0.0
2686,0.0
2687,0.0
2688,0.013371083936733119
2689,0.047597836241896556
2690,-0.040138081798596334
2691,0.07366676661300417
2692,-0.02658502282362051
2693,-0.01569623314432026
2694,-0.08018412920676134
2695,-0.02975554083252471
2696,-0.011503483796788531
2697,-0.030951296558074392
2698,0.0009141537116883584
2699,-0.024700143994917653
2700,0.042691668937056594
2701,-0.03210754003414516
2702,-0.017744167246100208
2703,-0.01726138334259831
2704,0.013371083936733119
2705,0.047597836241896556
2706,-0.040138081798596334
2707,0.07366676661300417
2708,-0.02658502282362051
2709,-0.01569623314432026
2710,-0.08018412920676134
2711,-0.02975554083252471
2712,-0.011503483796788531
2713,-0.030951296558074392
2714,0.0009141537116883584
2715,-0.024700143994917653
2716,0.042691668937056594
2717,-0.03210754003414516
2718,-0.017744167246100208
2719,-0.01726138334259831
2720,0.013371083936733119
2721,0.047597836241896556
2722,-0.040138081798596334
2723,0.07366676661300417
2724,-0.02658502282362051
2725,-0.01569623314432026
2726,-0.08018412920676134
2727,-0.02975554083252471
2728,-0.011503483796788531
2729,-0.030951296558074392
2730,0.0009141537116883584
2731,-0.024700143994917653
2732,0.042691668937056594
2733,-0.03210754003414516
2734,-0.017744167246100208
2735,-0.01726138334259831
2736,0.013371083936733119
2737,0.047597836241896556
2738,-0.040138081798596334
2739,0.07366676661300417
2740,-0.02658502282362051
2741,-0.01569623314432026
2742,-0.08018412920676134
2743,-0.02975554083252471
2744,-0.011503483796788531
2745,-0.030951296558074392
2746,0.0009141537116883584
2747,-0.024700143994917653
2748,0.042691668937056594
2749,-0.03210754003414516
2750,-0.017744167246100208
2751,-0.01726138334259831
2752,0.013371083936733119
2753,0.047597836241896556
2754,-0.040138081798596334
2755,0.07366676661300417
2756,-0.02658502282362051
2757,-0.01569623314432026
2758,-0.08018412920676134
2759,-0.02975554083252471
2760,-0.011503483796788531
2761,-0.030951296558074392
2762,0.0009141537116883584
2763,-0.024700143994917653
2764,0.042691668937056594
2765,-0.03210754003414516
2766,-0.017744167246100208
2767,-0.01726138334259831
2768,0.013371083936733119
2769,0.047597836241896556
2770,-0.040138081798596334
2771,0.07366676661300417
2772,-0.02658502282362051
2773,-0.01569623314432026
2774,-0.08018412920676134
2775,-0.02975554083252471
2776,-0.011503483796788531
2777,-0.030951296558074392
2778,0.0009141537116883584
2779,-0.024700143994917653
2780,0.042691668937056594
2781,-0.03210754003414516
2782,-0.017744167246100208
2783,-0.01726138334259831
2784,0.013371083936733119
2785,0.047597836241896556
2786,-0.040138081798596334
2787,0.07366676661300417
2788,-0.02658502282362051
2789,-0.01569623314432026
2790,-0.08018412920676134
2791,-0.02975554083252471
2792,-0.011503483796788531
2793,-0.030951296558074392
2794,0.0009141537116883584
2795,-0.024700143994917653
2796,0.042691668937056594
2797,-0.03210754003414516
2798,-0.017744167246100208
2799,-0.01726138334259831
2800,0.013371083936733119
2801,0.047597836241896556
2802,-0.040138081798596334
2803,0.07366676661300417
2804,-0.02658502282362051
2805,-0.01569623314432026
2806,-0.08018412920676134
2807,-0.02975554083252471
2808,-0.011503483796788531
2809,-0.030951296558074392
2810,0.0009141537116883584
2811,-0.024700143994917653
2812,0.042691668937056594
2813,-0.03210754003414516
2814,-0.017744167246100208
2815,-0.01726138334259831
2816,0.013371083936733119
2817,0.047597836241896556
2818,-0.040138081798596334
2819,0.07366676661300417
2820,-0.02658502282362051
2821,-0.01569623314432026
2822,-0.08018412920676134
2823,-0.02975554083252471
2824,-0.011503483796788531
2825,-0.030951296558074392
2826,0.0009141537116883584
2827,-0.024700143994917653
2828,0.042691668937056594
2829,-0.03210754003414516
2830,-0.017744167246100208
2831,-0.01726138334259831
2832,0.013371083936733119
2833,0.047597836241896556
2834,-0.040138081798596334
2835,0.07366676661300417
2836,-0.02658502282362051
2837,-0.01569623314432026
2838,-0.08018412920676134
2839,-0.02975554083252471
2840,-0.011503483796788531
2841,-0.030951296558074392
2842,0.0009141537116883584
2843,-0.024700143994917653
2844,0.042691668937056594
2845,-0.03210754003414516
2846,-0.017744167246100208
2847,-0.01726138334259831
2848,0.013371083936733119
2849,0.047597836241896556
2850,-0.040138081798596334
2851,0.07366676661300417
2852,-0.02658502282362051
2853,-0.01569623314432026
2854,-0.08018412920676134
2855,-0.02975554083252471
2856,-0.011503483796788531
2857,-0.030951296558074392
2858,0.0009141537116883584
2859,-0.024700143994917653
2860,0.042691668937056594
2861,-0.03210754003414516
2862,-0.017744167246100208
2863,-0.01726138334259831
2864,0.013371083936733119
2865,0.047597836241896556
2866,-0.040138081798596334
2867,0.07366676661300417
2868,-0.02658502282362051
2869,-0.01569623314432026
2870,-0.08018412920676134
2871,-0.02975554083252471
2872,-0.011503483796788531
2873,-0.030951296558074392
2874,0.0009141537116883584
2875,-0.024700143994917653
2876,0.042691668937056594
2877,-0.03210754003414516
2878,-0.017744167246100208
2879,-0.01726138334259831
2880,0.013371083936733119
2881,0.047597836241896556
2882,-0.040138081798596334
2883,0.07366676661300417
2884,-0.02658502282362051
2885,-0.01569623314432026
2886,-0.08018412920676134
2887,-0.02975554083252471
2888,-0.011503483796788531
2889,-0.030951296558074392
2890,0.0009141537116883584
2891,-0.024700143994917653
2892,0.042691668937056594
2893,-0.03210754003414516
2894,-0.017744167246100208
2895,-0.01726138334259831
2896,0.0
2897,0.0
2898,0.0
2899,0.0
2900,0.0
2901,0.0
2902,0.0
2903,0.0
2904,0.0
2905,0.0
2906,0.0
2907,0.0
2908,0.0
2909,0.0
2910,0.0
2911,0.0
2912,0.0
2913,0.0
2914,0.0
2915,0.0
2916,0.0
2917,0.0
2918,0.0
2919,0.0
2920,0.0
2921,0.0
2922,0.0
2923,0.0
2924,0.0
2925,0.0
2926,0.0
2927,0.0
2928,0.0
2929,0.0
2930,0.0
2931,0.0
2932,0.0
2933,0.0
2934,0.0
2935,0.0
2936,0.0
2937,0.0
2938,0.0
2939,0.0
2940,0.0
2941,0.0
2942,0.0
2943,0.0
2944,0.0
2945,0.0
2946,0.0
2947,0.0
2948,0.0
2949,0.0
2950,0.0
2951,0.0
2952,0.0
2953,0.0
2954,0.0
2955,0.0
2956,0.0
2957,0.0
2958,0.0
2959,0.0
2960,0.0
2961,0.0
2962,0.0
2963,0.0
2964,0.0
2965,0.0
2966,0.0
2967,0.0
2968,0.0
2969,0.0
2970,0.0
2971,0.0
2972,0.0
2973,0.0
2974,0.0
2975,0.0
2976,0.0
2977,0.0
2978,0.0
2979,0.0
2980,0.0
2981,0.0
2982,0.0
2983,0.0
2984,0.0
2985,0.0
2986,0.0
2987,0.0
2988,0.0
2989,0.0
2990,0.0
2991,0.0
2992,0.0
2993,0.0
2994,0.0
2995,0.0
2996,0.0
2997,0.0
2998,0.0
2999,0.0
3000,0.0
3001,0.0
3002,0.0
3003,0.0
3004,0.0
3005,0.0
3006,0.0
3007,0.0
3008,0.0
3009,0.0
3010,0.0
3011,0.0
3012,0.0
3013,0.0
3014,0.0
3015,0.0
3016,0.0
3017,0.0
3018,0.0
3019,0.0
3020,0.0
3021,0.0
3022,0.0
3023,0.0
3024,0.0
3025,0.0
3026,0.0
3027,0.0
3028,0.0
3029,0.0
3030,0.0
3031,0.0
3032,0.0
3033,0.0
3034,0.0
3035,0.0
3036,0.0
3037,0.0
3038,0.0
3039,0.0
3040,0.0
3041,0.0
3042,0.0
3043,0.0
3044,0.0
3045,0.0
3046,0.0
3047,0.0
3048,0.0
3049,0.0
3050,0.0
3051,0.0
3052,0.0
3053,0.0
3054,0.0
3055,0.0
3056,0.0
3057,0.0
3058,0.0
3059,0.0
3060,0.0
3061,0.0
3062,0.0
3063,0.0
3064,0.0
3065,0.0
3066,0.0
3067,0.0
3068,0.0
3069,0.0
3070,0.0
3071,0.0
3072,0.0
3073,0.0
3074,0.0
3075,0.0
3076,0.0
3077,0.0
3078,0.0
3079,0.0
3080,0.0
3081,0.0
3082,0.0
3083,0.0
3084,0.0
3085,0.0
3086,0.0
3087,0.0
3088,0.0
3089,0.0
3090,0.0
3091,0.0
3092,0.0
3093,0.0
3094,0.0
3095,0.0
3096,0.0
3097,0.0
3098,0.0
3099,0.0
3100,0.0
3101,0.0
3102,0.0
3103,0.0
3104,0.0
3105,0.0
3106,0.0
3107,0.0
3108,0.0
3109,0.0
3110,0.0
3111,0.0
3112,0.0
3113,0.0
3114,0.0
3115,0.0
3116,0.0
3117,0.0
3118,0.0
3119,0.0
3120,0.0
3121,0.0
3122,0.0
3123,0.0
3124,0.0
3125,0.0
3126,0.0
3127,0.0
3128,0.0
3129,0.0
3130,0.0
3131,0.0
3132,0.0
3133,0.0
3134,0.0
3135,0.0
